Epoch,Error
1,1611.16607
2,690.11525
3,515.91702
4,422.94065
5,359.92954
6,305.44135
7,274.61977
8,242.38464
9,213.30333
10,192.20814
